{
    "numpy_seed": 100,
    "apply_balding_map": false,
    "strength_balding": 0.3152938459946842,
    "path_basename": "hair_09_v2.blend",
    "interpolation_amount": 1300000,
    "parting_type": "aggresive",
    "trim_length_factor": 0.8430547155287238,
    "trim_length_factor_v2": 0.7927097020136421,
    "displace_initial_factor": 1.0,
    "displace_initial_shape": 0.5283806485762894,
    "displace_initial_displacement": -0.004787009345324743,
    "hair_volume_weight_ramp_start": 0.5345190364761321,
    "hair_volume_weight_clamp_min": 0.5649339778404049,
    "noise_guides_pre_distance": 0.002463418414140617,
    "noise_guides_pre_shape": 0.10499108397059836,
    "noise_guides_pre_seed": 695549,
    "noise_guides_pre_offset_per_curve": 0.04158709477151477,
    "noise_guides_pre_scale_along_curve_value": 0.5734265975180766,
    "noise_guides_0_distance": 0.14344667920143467,
    "noise_guides_0_shape": 0.6825441984211178,
    "noise_guides_0_seed": 989687,
    "noise_guides_0_offset_per_curve": 0.1684164820051751,
    "noise_guides_0_scale_along_curve_value": 0.3661583178232798,
    "noise_guides_1_distance": 0.25754411563906543,
    "noise_guides_1_shape": 0.12443735470688769,
    "noise_guides_1_seed": 293004,
    "noise_guides_1_scale_along_curve_value": 0.515913533354627,
    "roll_guides_length": 0.10825705468581368,
    "roll_guides_radius": 0.08128861857529614,
    "roll_guides_seed": 324281,
    "displace_root_strength": 1.4595453177560278,
    "displace_root_falloff": 0.5398097435692277,
    "force_enable_side_trim": false,
    "side_trim_thresh": 0.1,
    "side_trim_curve_x": 0.14810315467266216,
    "side_trim_curve_y": 0.5703002107040043,
    "allow_side_trim": false,
    "coarse_guides_prob_v2_seed": 363612,
    "coarse_guides_prob_seed": 859731,
    "coarse_clump_tighness": 0.21440165080144033,
    "coarse_clump_factor": 1.0,
    "coarse_clump_twist": 2.812500577413455,
    "coarse_clump_tip_spread": 0.0021189126113539394,
    "coarse_clump_seed": 794863,
    "short_hair_clumps_prob_seed": 36269,
    "noise_coarse_clump_distance": 0.009933986549527558,
    "noise_coarse_clump_shape": 0.19864005185669417,
    "noise_coarse_clump_seed": 884442,
    "noise_coarse_clump_scale_along_curve_value": 1.642427256225663,
    "curl_hair_radius": 0.027276541072496354,
    "curl_freq": 3.474349719929328,
    "curl_hair_factor": 0.9386587069406771,
    "curl_hair_curl_start": 3.1370850189139574,
    "curl_hair_factor_start": 0.5787240886239358,
    "curl_hair_random_offset": 0.11650715927649978,
    "curl_hair_seed": 544991,
    "curl_radius_random_spread": 0.027399907278948275,
    "curl_radius_random_spread_seed": 573733,
    "curl_frequency_random_spread": 0.2501870996300285,
    "curl_frequency_random_spread_seed": 760084,
    "curl_spin_change_prob": 0.3342893533568335,
    "fine_guides_nr_seed": 125155,
    "fine_guides_seed": 909268,
    "fine_guides_noise_dist": 0.002477668738037697,
    "fine_guides_noise_scale_along_curve": 4.631012451470544,
    "fine_guides_noise_seed": 164889,
    "fine_clumps_factor": 0.8113465259141448,
    "fine_clumps_shape": 0.15312881266495607,
    "blend_hair_factor": 0.23396001804034655,
    "flyaway_nr": 26739.795560902436,
    "flyaway_seed": 78867,
    "flyaway_noise_dist": 0.0693030834560249,
    "flyaway_noise_scale_along_curve": 4.134487820558135,
    "flyaway_noise_seed": 914406,
    "trim_final_seed": 603082,
    "trim_final_percentage_val": 0.051188291583507246,
    "hair_profile_radius": 8.416749534862107e-05,
    "hair_profile_shape": 0.07722206175955482,
    "mirror_hair": true,
    "material_wave_scale": 29.045986337185298,
    "material_wave_phase_offset": 324.25895373219925,
    "material_wave_strength": 0.0007907069843370529,
    "material_melanin_amount": 0.9679502087666652,
    "bsdf_melanin_redness": 0.04066743416301244,
    "bsdf_roughness": 0.6790698585440086,
    "bsdf_radial_roughness": 0.45033508595859345,
    "bsdf_coat": 0.7494884127592218,
    "root_darkness_start": 0.46803190304590964,
    "root_darkness_end": 0.6698150175273457,
    "root_darkness_strength": 0.6024395608561492,
    "do_simulation": true,
    "sim_frame_end": 21,
    "gravity": 27.08064288589237,
    "pin_stiffness": 3.7602692924514445,
    "tension_compresion_stiffness": 10.841951205790485,
    "root_stiffness": 0.09288050719238822,
    "body_friction": 75.97380916043483,
    "body_absorption": 0.6805812693195276,
    "wind_absorption": true,
    "wind_strength": 9.012984278391965,
    "wind_rotation": -18.820917578759023,
    "hdri_strength": 0.9147260485396691,
    "cam_rot_z": 4.999196972516799,
    "cam_rot_up_down": 0.01784494066398068,
    "cam_focal_length": 113.3062138233251,
    "cam_dist_to_lookat": 149.96301884998877,
    "roughness_power": 1.009852586899661,
    "roughness_clothes": 0.9024131365717218,
    "expression_coeffs": null
}