{
    "numpy_seed": 109,
    "apply_balding_map": false,
    "strength_balding": 0.5905489905772605,
    "path_basename": "hair_08_v115_swirl.blend",
    "interpolation_amount": 1300000,
    "parting_type": null,
    "trim_length_factor": 0.877478815742587,
    "trim_length_factor_v2": 0.871837615867046,
    "displace_initial_factor": 1.0,
    "displace_initial_shape": 0.48034612269302934,
    "displace_initial_displacement": 0.08642062526622676,
    "hair_volume_weight_ramp_start": 0.537864026706517,
    "hair_volume_weight_clamp_min": 0.5915054345964146,
    "noise_guides_pre_distance": 0.003768363574331932,
    "noise_guides_pre_shape": 0.16467557682879963,
    "noise_guides_pre_seed": 256210,
    "noise_guides_pre_offset_per_curve": 0.029853994240016824,
    "noise_guides_pre_scale_along_curve_value": 0.3840465262488818,
    "noise_guides_0_distance": 0.1386243455772119,
    "noise_guides_0_shape": 0.44753297753230054,
    "noise_guides_0_seed": 550761,
    "noise_guides_0_offset_per_curve": 0.1932810636348175,
    "noise_guides_0_scale_along_curve_value": 0.32431191380816027,
    "noise_guides_1_distance": 0.0028454689484563866,
    "noise_guides_1_shape": 0.8802082448840508,
    "noise_guides_1_seed": 427500,
    "noise_guides_1_scale_along_curve_value": 0.5253164718043217,
    "roll_guides_length": 0.17464720883568371,
    "roll_guides_radius": 0.07363384815849693,
    "roll_guides_seed": 232811,
    "displace_root_strength": 1.1850463231760788,
    "displace_root_falloff": 0.3018002671561651,
    "force_enable_side_trim": true,
    "side_trim_thresh": 0.1,
    "side_trim_curve_x": 0.3342391924514504,
    "side_trim_curve_y": 0.40970289980584096,
    "allow_side_trim": true,
    "coarse_guides_prob_v2_seed": 776156,
    "coarse_guides_prob_seed": 125194,
    "coarse_clump_tighness": 0.37714875963291106,
    "coarse_clump_factor": 1.0,
    "coarse_clump_twist": 15.497872929537252,
    "coarse_clump_tip_spread": 0.002538918590435306,
    "coarse_clump_seed": 344133,
    "short_hair_clumps_prob_seed": 25865,
    "noise_coarse_clump_distance": 0.006502659865255168,
    "noise_coarse_clump_shape": 0.4203433994553787,
    "noise_coarse_clump_seed": 17796,
    "noise_coarse_clump_scale_along_curve_value": 0.8273200418237103,
    "curl_hair_radius": 0.005493505809227775,
    "curl_freq": 29.99731741918815,
    "curl_hair_factor": 0.601118021375967,
    "curl_hair_curl_start": 0.7578450016688911,
    "curl_hair_factor_start": 0.3560275120203721,
    "curl_hair_random_offset": 0.12053008699771224,
    "curl_hair_seed": 827331,
    "curl_radius_random_spread": 0.05774620660712351,
    "curl_radius_random_spread_seed": 219611,
    "curl_frequency_random_spread": 0.07823461697748757,
    "curl_frequency_random_spread_seed": 909190,
    "curl_spin_change_prob": 0.057994833125690884,
    "fine_guides_nr_seed": 866120,
    "fine_guides_seed": 499226,
    "fine_guides_noise_dist": 0.004478776931164804,
    "fine_guides_noise_scale_along_curve": 3.1661730416627556,
    "fine_guides_noise_seed": 528677,
    "fine_clumps_factor": 0.9352411437797477,
    "fine_clumps_shape": 0.11522530563952549,
    "blend_hair_factor": 0.05303801342552084,
    "flyaway_nr": 15735.09882147038,
    "flyaway_seed": 882044,
    "flyaway_noise_dist": 0.09599256858134,
    "flyaway_noise_scale_along_curve": 1.6410168021173157,
    "flyaway_noise_seed": 739329,
    "trim_final_seed": 212075,
    "trim_final_percentage_val": 0.19275655924603805,
    "hair_profile_radius": 6.942656790978514e-05,
    "hair_profile_shape": 0.11264534727928044,
    "mirror_hair": false,
    "material_wave_scale": 5.947939220856698,
    "material_wave_phase_offset": 210.04692047911163,
    "material_wave_strength": 0.4349241258907972,
    "material_melanin_amount": 0.7044828484195619,
    "bsdf_melanin_redness": 0.03633997991202753,
    "bsdf_roughness": 0.499891237955298,
    "bsdf_radial_roughness": 0.5092288861959412,
    "bsdf_coat": 0.5192458265677575,
    "root_darkness_start": 0.3555731089290725,
    "root_darkness_end": 0.5731723470568763,
    "root_darkness_strength": 0.13893608672008642,
    "do_simulation": false,
    "sim_frame_end": 417,
    "gravity": 21.807482278707926,
    "pin_stiffness": 3.4782807023417006,
    "tension_compresion_stiffness": 11.157479419996545,
    "root_stiffness": 0.13300027288975025,
    "body_friction": 6.020523078679574,
    "body_absorption": 0.8073135203207029,
    "wind_absorption": true,
    "wind_strength": 5.264820744341916,
    "wind_rotation": -19.27397803631637,
    "hdri_strength": 1.333664842922065,
    "cam_rot_z": 12.313111480882185,
    "cam_rot_up_down": 5.940259884442675,
    "cam_focal_length": 60.26195839355788,
    "cam_dist_to_lookat": 77.62994326394256,
    "roughness_power": 0.8648041480375922,
    "roughness_clothes": 0.916644813816108,
    "expression_coeffs": null
}