{
    "numpy_seed": 104,
    "apply_balding_map": false,
    "strength_balding": 0.028113287431191313,
    "path_basename": "hair_09_v2.blend",
    "interpolation_amount": 1300000,
    "parting_type": "aggresive",
    "trim_length_factor": 0.9034594865380178,
    "trim_length_factor_v2": 0.9667679708557181,
    "displace_initial_factor": 1.0,
    "displace_initial_shape": 0.5220124092967602,
    "displace_initial_displacement": 0.007102781668389405,
    "hair_volume_weight_ramp_start": 0.3278986419386822,
    "hair_volume_weight_clamp_min": 0.6673546768476416,
    "noise_guides_pre_distance": 0.007584759649045727,
    "noise_guides_pre_shape": 0.1435741152519645,
    "noise_guides_pre_seed": 506304,
    "noise_guides_pre_offset_per_curve": 0.09339668565999858,
    "noise_guides_pre_scale_along_curve_value": 0.5868087849070011,
    "noise_guides_0_distance": 0.05367554580360549,
    "noise_guides_0_shape": 0.6854427977295121,
    "noise_guides_0_seed": 961318,
    "noise_guides_0_offset_per_curve": 0.16665929380620237,
    "noise_guides_0_scale_along_curve_value": 0.37927740299937673,
    "noise_guides_1_distance": 0.06733824158058523,
    "noise_guides_1_shape": 0.12042173843343518,
    "noise_guides_1_seed": 861228,
    "noise_guides_1_scale_along_curve_value": 0.6450027338911456,
    "roll_guides_length": 0.08050688055356237,
    "roll_guides_radius": 0.08634557908783418,
    "roll_guides_seed": 68871,
    "displace_root_strength": 0.21842098920961223,
    "displace_root_falloff": 0.562432816933764,
    "force_enable_side_trim": false,
    "side_trim_thresh": 0.1,
    "side_trim_curve_x": 0.3042523692866665,
    "side_trim_curve_y": 0.6559337477151422,
    "allow_side_trim": true,
    "coarse_guides_prob_v2_seed": 222004,
    "coarse_guides_prob_seed": 26018,
    "coarse_clump_tighness": 0.44929605824609864,
    "coarse_clump_factor": 1.0,
    "coarse_clump_twist": 24.12688331210072,
    "coarse_clump_tip_spread": 0.0015775954687459362,
    "coarse_clump_seed": 534240,
    "short_hair_clumps_prob_seed": 747664,
    "noise_coarse_clump_distance": 0.0027352355183163403,
    "noise_coarse_clump_shape": 0.5040785882125735,
    "noise_coarse_clump_seed": 165356,
    "noise_coarse_clump_scale_along_curve_value": 2.515183645796623,
    "curl_hair_radius": 0.017359167220266966,
    "curl_freq": 6.638542169332059,
    "curl_hair_factor": 0.9340608279772973,
    "curl_hair_curl_start": 1.548678677758776,
    "curl_hair_factor_start": 0.5405575700039538,
    "curl_hair_random_offset": 0.13650474635283188,
    "curl_hair_seed": 269857,
    "curl_radius_random_spread": 0.05708160588266715,
    "curl_radius_random_spread_seed": 795400,
    "curl_frequency_random_spread": 0.2181624026036043,
    "curl_frequency_random_spread_seed": 929313,
    "curl_spin_change_prob": 0.3591813324949803,
    "fine_guides_nr_seed": 354072,
    "fine_guides_seed": 204936,
    "fine_guides_noise_dist": 0.003433956023824046,
    "fine_guides_noise_scale_along_curve": 5.837366904000694,
    "fine_guides_noise_seed": 618448,
    "fine_clumps_factor": 0.8549861441871225,
    "fine_clumps_shape": 0.11800491738815753,
    "blend_hair_factor": 0.33054089364632966,
    "flyaway_nr": 22131.16603746867,
    "flyaway_seed": 61067,
    "flyaway_noise_dist": 0.051490953209898924,
    "flyaway_noise_scale_along_curve": 3.792820181811299,
    "flyaway_noise_seed": 44193,
    "trim_final_seed": 141903,
    "trim_final_percentage_val": 0.13821984858825914,
    "hair_profile_radius": 7.274130008545953e-05,
    "hair_profile_shape": 0.19778493927077206,
    "mirror_hair": true,
    "material_wave_scale": 29.004601474458102,
    "material_wave_phase_offset": 268.7338017039493,
    "material_wave_strength": 0.1443031877616311,
    "material_melanin_amount": 0.9358943984443622,
    "bsdf_melanin_redness": 0.5219355794471563,
    "bsdf_roughness": 0.2824919604174674,
    "bsdf_radial_roughness": 0.4073402967515957,
    "bsdf_coat": 0.38076870707600735,
    "root_darkness_start": 0.4628575471313696,
    "root_darkness_end": 0.5763227028849573,
    "root_darkness_strength": 0.06954184556694476,
    "do_simulation": false,
    "sim_frame_end": 6,
    "gravity": 38.06389234564749,
    "pin_stiffness": 0.32406577365321376,
    "tension_compresion_stiffness": 28.957708721698847,
    "root_stiffness": 0.09786441813999468,
    "body_friction": 52.516725277751576,
    "body_absorption": 0.8877941312183193,
    "wind_absorption": true,
    "wind_strength": 5.517013830293489,
    "wind_rotation": 1.3438605155179317,
    "hdri_strength": 0.7864085485267152,
    "cam_rot_z": -1.161065166588763,
    "cam_rot_up_down": -4.936615516053404,
    "cam_focal_length": 40.57006037208259,
    "cam_dist_to_lookat": 50.777355052839894,
    "roughness_power": 1.255661039594375,
    "roughness_clothes": 0.7433640751106809,
    "expression_coeffs": null
}