{
    "numpy_seed": 100,
    "apply_balding_map": false,
    "strength_balding": 0.39615345658668555,
    "path_basename": "hair_08_v115_swirl.blend",
    "interpolation_amount": 1300000,
    "parting_type": null,
    "trim_length_factor": 0.974044948278802,
    "trim_length_factor_v2": 0.8234764473188427,
    "displace_initial_factor": 1.0,
    "displace_initial_shape": 0.5548635838454741,
    "displace_initial_displacement": -0.022535440798541327,
    "hair_volume_weight_ramp_start": 0.4367175221108509,
    "hair_volume_weight_clamp_min": 0.2187350374231053,
    "noise_guides_pre_distance": 0.005802977587786382,
    "noise_guides_pre_shape": 0.04603790712919329,
    "noise_guides_pre_seed": 665700,
    "noise_guides_pre_offset_per_curve": 0.05050774093681207,
    "noise_guides_pre_scale_along_curve_value": 0.3853621758703799,
    "noise_guides_0_distance": 0.08380987334227163,
    "noise_guides_0_shape": 0.6862301610264181,
    "noise_guides_0_seed": 747572,
    "noise_guides_0_offset_per_curve": 0.08881350712768808,
    "noise_guides_0_scale_along_curve_value": 0.3925512671415461,
    "noise_guides_1_distance": 0.23400587511643145,
    "noise_guides_1_shape": 0.10950481167196031,
    "noise_guides_1_seed": 4340,
    "noise_guides_1_scale_along_curve_value": 0.8749710368827525,
    "roll_guides_length": 0.08394172232131822,
    "roll_guides_radius": 0.11470920397675649,
    "roll_guides_seed": 852912,
    "displace_root_strength": 1.6227708694640035,
    "displace_root_falloff": 0.24174822165948615,
    "force_enable_side_trim": true,
    "side_trim_thresh": 0.1,
    "side_trim_curve_x": 0.5976569570357885,
    "side_trim_curve_y": 0.36660109633809806,
    "allow_side_trim": false,
    "coarse_guides_prob_v2_seed": 455970,
    "coarse_guides_prob_seed": 399039,
    "coarse_clump_tighness": 0.14096095158775024,
    "coarse_clump_factor": 1.0,
    "coarse_clump_twist": 22.5028527757107,
    "coarse_clump_tip_spread": 0.0014233960819437714,
    "coarse_clump_seed": 862453,
    "short_hair_clumps_prob_seed": 235826,
    "noise_coarse_clump_distance": 0.005419171997650416,
    "noise_coarse_clump_shape": 0.1613848528167848,
    "noise_coarse_clump_seed": 882703,
    "noise_coarse_clump_scale_along_curve_value": 2.2305377947300418,
    "curl_hair_radius": 0.02475803937947145,
    "curl_freq": 2.9476777321208165,
    "curl_hair_factor": 0.25593324611905655,
    "curl_hair_curl_start": 2.4007568863061772,
    "curl_hair_factor_start": 0.34471340767817504,
    "curl_hair_random_offset": 0.17706021385552556,
    "curl_hair_seed": 552089,
    "curl_radius_random_spread": 0.05605388332863261,
    "curl_radius_random_spread_seed": 491276,
    "curl_frequency_random_spread": 0.0011842187298526595,
    "curl_frequency_random_spread_seed": 531333,
    "curl_spin_change_prob": 0.9760553623990855,
    "fine_guides_nr_seed": 457494,
    "fine_guides_seed": 716618,
    "fine_guides_noise_dist": 0.003787493167628035,
    "fine_guides_noise_scale_along_curve": 3.7813056188153285,
    "fine_guides_noise_seed": 371508,
    "fine_clumps_factor": 0.8383535188360249,
    "fine_clumps_shape": 0.18713225913210926,
    "blend_hair_factor": 0.0818549339895902,
    "flyaway_nr": 16610.58249423983,
    "flyaway_seed": 733126,
    "flyaway_noise_dist": 0.08651617050601673,
    "flyaway_noise_scale_along_curve": 1.5355442591293484,
    "flyaway_noise_seed": 985106,
    "trim_final_seed": 659359,
    "trim_final_percentage_val": 0.1302497588044245,
    "hair_profile_radius": 8.8075698814625e-05,
    "hair_profile_shape": 0.23564256456907434,
    "mirror_hair": true,
    "material_wave_scale": 13.204909879011973,
    "material_wave_phase_offset": 306.9362499699701,
    "material_wave_strength": 0.07784453277264518,
    "material_melanin_amount": 0.5056028178833769,
    "bsdf_melanin_redness": 0.4487571665157183,
    "bsdf_roughness": 0.39363044245529555,
    "bsdf_radial_roughness": 0.6864953056061586,
    "bsdf_coat": 0.6909882447213939,
    "root_darkness_start": 0.589813562222097,
    "root_darkness_end": 0.9612971306888523,
    "root_darkness_strength": 0.013752596112576228,
    "do_simulation": true,
    "sim_frame_end": 28,
    "gravity": 24.955125163709898,
    "pin_stiffness": 0.5685786955258554,
    "tension_compresion_stiffness": 29.247395978216556,
    "root_stiffness": 0.020584059394816966,
    "body_friction": 68.29871338708419,
    "body_absorption": 0.7387342719018174,
    "wind_absorption": true,
    "wind_strength": 6.316764542336937,
    "wind_rotation": -3.9508488332925396,
    "hdri_strength": 0.8384214037500279,
    "cam_rot_z": 0.43863492908313617,
    "cam_rot_up_down": -16.603548320991955,
    "cam_focal_length": 50.95512645445491,
    "cam_dist_to_lookat": 64.93880880152943,
    "roughness_power": 1.085168046765263,
    "roughness_clothes": 0.981345049868125,
    "expression_coeffs": null
}