{
    "numpy_seed": 111,
    "apply_balding_map": true,
    "strength_balding": 0.9767925032739548,
    "path_basename": "hair_14_v2.blend",
    "interpolation_amount": 1300000,
    "parting_type": null,
    "trim_length_factor": 0.8647268723879009,
    "trim_length_factor_v2": 0.8718638018951136,
    "displace_initial_factor": 1.0,
    "displace_initial_shape": 0.49710151768876226,
    "displace_initial_displacement": -0.0004642647056149647,
    "hair_volume_weight_ramp_start": 0.31115386472851836,
    "hair_volume_weight_clamp_min": 0.35793863585569907,
    "noise_guides_pre_distance": 0.008608101153924196,
    "noise_guides_pre_shape": 0.09790557535023466,
    "noise_guides_pre_seed": 27774,
    "noise_guides_pre_offset_per_curve": 0.026982834106419176,
    "noise_guides_pre_scale_along_curve_value": 0.3730881542873564,
    "noise_guides_0_distance": 0.05418246517249346,
    "noise_guides_0_shape": 0.4591043882729768,
    "noise_guides_0_seed": 313402,
    "noise_guides_0_offset_per_curve": 0.1270079789920219,
    "noise_guides_0_scale_along_curve_value": 0.3882525858232455,
    "noise_guides_1_distance": 0.038932944341062634,
    "noise_guides_1_shape": 0.8082503737226004,
    "noise_guides_1_seed": 920143,
    "noise_guides_1_scale_along_curve_value": 0.7113556787472328,
    "roll_guides_length": 0.16542067068417038,
    "roll_guides_radius": 0.09901103778057466,
    "roll_guides_seed": 528470,
    "displace_root_strength": 0.9203924831604153,
    "displace_root_falloff": 0.47338388175492185,
    "force_enable_side_trim": true,
    "side_trim_thresh": 0.1,
    "side_trim_curve_x": 0.2950452070289283,
    "side_trim_curve_y": 0.5869371568391389,
    "allow_side_trim": true,
    "coarse_guides_prob_v2_seed": 885123,
    "coarse_guides_prob_seed": 163856,
    "coarse_clump_tighness": 0.15016167048136508,
    "coarse_clump_factor": 1.0,
    "coarse_clump_twist": 24.767983628658982,
    "coarse_clump_tip_spread": 0.0008218049115371604,
    "coarse_clump_seed": 961930,
    "short_hair_clumps_prob_seed": 969655,
    "noise_coarse_clump_distance": 0.00509054736975663,
    "noise_coarse_clump_shape": 0.4796255437369453,
    "noise_coarse_clump_seed": 785027,
    "noise_coarse_clump_scale_along_curve_value": 2.656855565034641,
    "curl_hair_radius": 0.021225474448844366,
    "curl_freq": 5.075175155961157,
    "curl_hair_factor": 0.04636130170802344,
    "curl_hair_curl_start": 1.4522584605804136,
    "curl_hair_factor_start": 0.5962053506487117,
    "curl_hair_random_offset": 0.12209748776000942,
    "curl_hair_seed": 504775,
    "curl_radius_random_spread": 0.1903822704949699,
    "curl_radius_random_spread_seed": 583664,
    "curl_frequency_random_spread": 0.0155600835126251,
    "curl_frequency_random_spread_seed": 710769,
    "curl_spin_change_prob": 0.988091701441633,
    "fine_guides_nr_seed": 280749,
    "fine_guides_seed": 94692,
    "fine_guides_noise_dist": 0.003671576016423614,
    "fine_guides_noise_scale_along_curve": 3.7223760670356825,
    "fine_guides_noise_seed": 96372,
    "fine_clumps_factor": 0.9786899859600072,
    "fine_clumps_shape": 0.15840656131665748,
    "blend_hair_factor": 0.25647981945474685,
    "flyaway_nr": 20988.660036470374,
    "flyaway_seed": 929342,
    "flyaway_noise_dist": 0.0858083024095613,
    "flyaway_noise_scale_along_curve": 3.136546925853928,
    "flyaway_noise_seed": 426913,
    "trim_final_seed": 903085,
    "trim_final_percentage_val": 0.11575158021660246,
    "hair_profile_radius": 7.126518339941653e-05,
    "hair_profile_shape": 0.22250891405668083,
    "mirror_hair": false,
    "material_wave_scale": 10.509322189673211,
    "material_wave_phase_offset": 109.72183601333838,
    "material_wave_strength": 0.2532520586759386,
    "material_melanin_amount": 0.13207843288423915,
    "bsdf_melanin_redness": 0.32903949083439044,
    "bsdf_roughness": 0.2070016555698172,
    "bsdf_radial_roughness": 0.4645629339520122,
    "bsdf_coat": 0.5571314414412627,
    "root_darkness_start": 0.02466487708566779,
    "root_darkness_end": 0.9605577402306299,
    "root_darkness_strength": 0.3797580454076979,
    "do_simulation": true,
    "sim_frame_end": 7,
    "gravity": 28.217550863800106,
    "pin_stiffness": 2.5107841178827464,
    "tension_compresion_stiffness": 10.681535346260784,
    "root_stiffness": 0.059052295821651404,
    "body_friction": 60.70904563362989,
    "body_absorption": 0.589723621362708,
    "wind_absorption": true,
    "wind_strength": 6.917000891037179,
    "wind_rotation": 67.74477744954979,
    "hdri_strength": 1.199675562503449,
    "cam_rot_z": -14.139135992284428,
    "cam_rot_up_down": -12.941283734724497,
    "cam_focal_length": 130.86752044697084,
    "cam_dist_to_lookat": 173.91025515496023,
    "roughness_power": 1.1116787415341185,
    "roughness_clothes": 0.9426995938539555,
    "expression_coeffs": [
        -0.5392063856124878,
        0.0,
        -0.36332690715789795,
        1.5910626649856567,
        0.0,
        0.0,
        -2.3525915145874023,
        -0.9495644569396973,
        0.3402657210826874,
        -0.035842590034008026
    ]
}