{
    "numpy_seed": 107,
    "apply_balding_map": true,
    "strength_balding": 0.49758734084043266,
    "path_basename": "hair_08_v115_swirl.blend",
    "interpolation_amount": 1300000,
    "parting_type": null,
    "trim_length_factor": 0.4547508572172674,
    "trim_length_factor_v2": 0.5504088441574457,
    "displace_initial_factor": 1.0,
    "displace_initial_shape": 0.5138813503006258,
    "displace_initial_displacement": -0.027459844342045157,
    "hair_volume_weight_ramp_start": 0.5209982651927687,
    "hair_volume_weight_clamp_min": 0.10002248252624846,
    "noise_guides_pre_distance": 0.004771812822711863,
    "noise_guides_pre_shape": 0.07797538242994184,
    "noise_guides_pre_seed": 71955,
    "noise_guides_pre_offset_per_curve": 0.062423346415591,
    "noise_guides_pre_scale_along_curve_value": 0.740121299318834,
    "noise_guides_0_distance": 0.07764155822472554,
    "noise_guides_0_shape": 0.49635059284793076,
    "noise_guides_0_seed": 540319,
    "noise_guides_0_offset_per_curve": 0.14017426345198306,
    "noise_guides_0_scale_along_curve_value": 0.3360025771187909,
    "noise_guides_1_distance": 0.2528865309083103,
    "noise_guides_1_shape": 0.6294285046819083,
    "noise_guides_1_seed": 51025,
    "noise_guides_1_scale_along_curve_value": 0.7667852363387544,
    "roll_guides_length": 0.13151152870961713,
    "roll_guides_radius": 0.10765712593882928,
    "roll_guides_seed": 16181,
    "displace_root_strength": 1.9711979262894026,
    "displace_root_falloff": 0.36313066611938166,
    "force_enable_side_trim": true,
    "side_trim_thresh": 0.1,
    "side_trim_curve_x": 0.18056129440733554,
    "side_trim_curve_y": 0.330187850262284,
    "allow_side_trim": true,
    "coarse_guides_prob_v2_seed": 646981,
    "coarse_guides_prob_seed": 754394,
    "coarse_clump_tighness": 0.4948447423897172,
    "coarse_clump_factor": 1.0,
    "coarse_clump_twist": 20.17012694936303,
    "coarse_clump_tip_spread": 0.0008177064103092946,
    "coarse_clump_seed": 79456,
    "short_hair_clumps_prob_seed": 146957,
    "noise_coarse_clump_distance": 0.003628298433813042,
    "noise_coarse_clump_shape": 0.18877557782370982,
    "noise_coarse_clump_seed": 130056,
    "noise_coarse_clump_scale_along_curve_value": 1.6367752586315358,
    "curl_hair_radius": 0.012961228746895932,
    "curl_freq": 7.453163105165961,
    "curl_hair_factor": 0.9578861825423118,
    "curl_hair_curl_start": 0.9081547948159495,
    "curl_hair_factor_start": 0.5468367865913875,
    "curl_hair_random_offset": 0.24132115823160577,
    "curl_hair_seed": 253320,
    "curl_radius_random_spread": 0.25685037499151975,
    "curl_radius_random_spread_seed": 400721,
    "curl_frequency_random_spread": 0.16841465381914628,
    "curl_frequency_random_spread_seed": 489403,
    "curl_spin_change_prob": 0.023307895343222487,
    "fine_guides_nr_seed": 540939,
    "fine_guides_seed": 948045,
    "fine_guides_noise_dist": 0.003577075479061432,
    "fine_guides_noise_scale_along_curve": 3.642404020973487,
    "fine_guides_noise_seed": 69462,
    "fine_clumps_factor": 0.9012324475505321,
    "fine_clumps_shape": 0.1943730658783181,
    "blend_hair_factor": 0.30762718000020706,
    "flyaway_nr": 21667.974900720717,
    "flyaway_seed": 870111,
    "flyaway_noise_dist": 0.08479580516279724,
    "flyaway_noise_scale_along_curve": 3.5297508019290538,
    "flyaway_noise_seed": 32155,
    "trim_final_seed": 660147,
    "trim_final_percentage_val": 0.19388833764305977,
    "hair_profile_radius": 7.856645442879708e-05,
    "hair_profile_shape": 0.185210973477543,
    "mirror_hair": false,
    "material_wave_scale": 28.860220423054198,
    "material_wave_phase_offset": 337.47129886298654,
    "material_wave_strength": 0.24687284942175525,
    "material_melanin_amount": 0.553967806092047,
    "bsdf_melanin_redness": 0.9586440485453832,
    "bsdf_roughness": 0.5537814765751006,
    "bsdf_radial_roughness": 0.6042176952780041,
    "bsdf_coat": 0.30828845974285723,
    "root_darkness_start": 0.3595073212822221,
    "root_darkness_end": 0.7251428073860495,
    "root_darkness_strength": 0.393558763016942,
    "do_simulation": false,
    "sim_frame_end": 363,
    "gravity": 28.948859097594067,
    "pin_stiffness": 4.140558844198088,
    "tension_compresion_stiffness": 22.743920595325818,
    "root_stiffness": 0.001977991147930445,
    "body_friction": 58.62401717249422,
    "body_absorption": 0.8360888927472365,
    "wind_absorption": true,
    "wind_strength": 5.719946739971419,
    "wind_rotation": -47.1634805786601,
    "hdri_strength": 1.0500164726456862,
    "cam_rot_z": 3.5882598945504895,
    "cam_rot_up_down": -2.7487177250589987,
    "cam_focal_length": 87.30846562106893,
    "cam_dist_to_lookat": 114.51154402873036,
    "roughness_power": 1.0469106258353131,
    "roughness_clothes": 0.5776289613238909,
    "expression_coeffs": [
        0.916547954082489,
        0.0,
        -2.279594898223877,
        1.2535765171051025,
        0.0,
        0.0,
        1.906876802444458,
        -1.1369940042495728,
        -0.8669764995574951,
        -1.0887964963912964
    ]
}