{
    "numpy_seed": 110,
    "apply_balding_map": false,
    "strength_balding": 0.24159340115217845,
    "path_basename": "hair_08_v115_swirl.blend",
    "interpolation_amount": 1300000,
    "parting_type": null,
    "trim_length_factor": 0.7255469382308883,
    "trim_length_factor_v2": 0.9570523437495528,
    "displace_initial_factor": 1.0,
    "displace_initial_shape": 0.5874619095626362,
    "displace_initial_displacement": 0.03965555422935397,
    "hair_volume_weight_ramp_start": 0.17902911439931127,
    "hair_volume_weight_clamp_min": 0.46771834172610327,
    "noise_guides_pre_distance": 0.006455356083959023,
    "noise_guides_pre_shape": 0.14196314628393003,
    "noise_guides_pre_seed": 704409,
    "noise_guides_pre_offset_per_curve": 0.05143525546331438,
    "noise_guides_pre_scale_along_curve_value": 0.28011367920050706,
    "noise_guides_0_distance": 0.022115442947031216,
    "noise_guides_0_shape": 0.5440089210162452,
    "noise_guides_0_seed": 159932,
    "noise_guides_0_offset_per_curve": 0.09183874842460414,
    "noise_guides_0_scale_along_curve_value": 0.10408979493726646,
    "noise_guides_1_distance": 0.22239252509586308,
    "noise_guides_1_shape": 0.512876357486246,
    "noise_guides_1_seed": 324109,
    "noise_guides_1_scale_along_curve_value": 0.7904372904934175,
    "roll_guides_length": 0.11808097258872037,
    "roll_guides_radius": 0.11067406923131826,
    "roll_guides_seed": 581071,
    "displace_root_strength": 0.5370527876032474,
    "displace_root_falloff": 0.5091994926449774,
    "force_enable_side_trim": true,
    "side_trim_thresh": 0.1,
    "side_trim_curve_x": 0.267408305533633,
    "side_trim_curve_y": 0.4973720678369887,
    "allow_side_trim": true,
    "coarse_guides_prob_v2_seed": 76910,
    "coarse_guides_prob_seed": 768789,
    "coarse_clump_tighness": 0.3294057187892477,
    "coarse_clump_factor": 1.0,
    "coarse_clump_twist": 1.1248037658784593,
    "coarse_clump_tip_spread": 0.00011773458593931335,
    "coarse_clump_seed": 520310,
    "short_hair_clumps_prob_seed": 155299,
    "noise_coarse_clump_distance": 0.004578367572328611,
    "noise_coarse_clump_shape": 0.31991533054275456,
    "noise_coarse_clump_seed": 195686,
    "noise_coarse_clump_scale_along_curve_value": 2.831296737107125,
    "curl_hair_radius": 0.024926256219144103,
    "curl_freq": 6.082309437006304,
    "curl_hair_factor": 0.35840124846024746,
    "curl_hair_curl_start": 1.3368814746605697,
    "curl_hair_factor_start": 0.6471785540393749,
    "curl_hair_random_offset": 0.2226646747139564,
    "curl_hair_seed": 827575,
    "curl_radius_random_spread": 0.17168783692247114,
    "curl_radius_random_spread_seed": 259081,
    "curl_frequency_random_spread": 0.10111256482281335,
    "curl_frequency_random_spread_seed": 182762,
    "curl_spin_change_prob": 0.07003481865914596,
    "fine_guides_nr_seed": 813112,
    "fine_guides_seed": 335089,
    "fine_guides_noise_dist": 0.0021193051040667697,
    "fine_guides_noise_scale_along_curve": 5.555334626334807,
    "fine_guides_noise_seed": 192725,
    "fine_clumps_factor": 0.839705566010287,
    "fine_clumps_shape": 0.19638129114083158,
    "blend_hair_factor": 0.12368301174940696,
    "flyaway_nr": 26270.02513882665,
    "flyaway_seed": 506499,
    "flyaway_noise_dist": 0.09993123016030023,
    "flyaway_noise_scale_along_curve": 4.071233366490168,
    "flyaway_noise_seed": 749808,
    "trim_final_seed": 62832,
    "trim_final_percentage_val": 0.09561780547322184,
    "hair_profile_radius": 7.63963327348987e-05,
    "hair_profile_shape": 0.22641696457952126,
    "mirror_hair": true,
    "material_wave_scale": 14.851661586524349,
    "material_wave_phase_offset": 120.89660195032451,
    "material_wave_strength": 0.5444553766254197,
    "material_melanin_amount": 0.7582650290020048,
    "bsdf_melanin_redness": 0.7128396310992439,
    "bsdf_roughness": 0.18954063341084307,
    "bsdf_radial_roughness": 0.4416827759620473,
    "bsdf_coat": 0.4123297710702551,
    "root_darkness_start": 0.4507751545763724,
    "root_darkness_end": 0.5981703015567511,
    "root_darkness_strength": 0.39863140621934834,
    "do_simulation": false,
    "sim_frame_end": 10,
    "gravity": 35.71735229521992,
    "pin_stiffness": 3.110048956496124,
    "tension_compresion_stiffness": 20.186457909763426,
    "root_stiffness": 0.0712270895095247,
    "body_friction": 25.43186252516521,
    "body_absorption": 0.5616573522633996,
    "wind_absorption": true,
    "wind_strength": 7.098931376034615,
    "wind_rotation": -4.728800005656112,
    "hdri_strength": 1.488456024236973,
    "cam_rot_z": 18.52255753524328,
    "cam_rot_up_down": 0.6241942060720156,
    "cam_focal_length": 124.02339019665533,
    "cam_dist_to_lookat": 164.57735026816636,
    "roughness_power": 1.1311214205943247,
    "roughness_clothes": 0.7506473124516446,
    "expression_coeffs": null
}