{
    "numpy_seed": 105,
    "apply_balding_map": false,
    "strength_balding": 0.7576623578104091,
    "path_basename": "hair_02_v120_better_partition.blend",
    "interpolation_amount": 1300000,
    "parting_type": "middle",
    "trim_length_factor": 0.8693162885712161,
    "trim_length_factor_v2": 0.9234618615323985,
    "displace_initial_factor": 1.0,
    "displace_initial_shape": 0.463356096620675,
    "displace_initial_displacement": 0.06100286900269143,
    "hair_volume_weight_ramp_start": 0.20160290462831446,
    "hair_volume_weight_clamp_min": 0.8255760729207123,
    "noise_guides_pre_distance": 0.009330420369616505,
    "noise_guides_pre_shape": 0.08378445971739108,
    "noise_guides_pre_seed": 305445,
    "noise_guides_pre_offset_per_curve": 0.09899718590930369,
    "noise_guides_pre_scale_along_curve_value": 0.6026103950736468,
    "noise_guides_0_distance": 0.010416773383832083,
    "noise_guides_0_shape": 0.7236613279852898,
    "noise_guides_0_seed": 484820,
    "noise_guides_0_offset_per_curve": 0.12418356245405959,
    "noise_guides_0_scale_along_curve_value": 0.15057025797381154,
    "noise_guides_1_distance": 0.20173937629913624,
    "noise_guides_1_shape": 0.5326171913606464,
    "noise_guides_1_seed": 492913,
    "noise_guides_1_scale_along_curve_value": 0.40455078329912997,
    "roll_guides_length": 0.05203897896827481,
    "roll_guides_radius": 0.08254519215646329,
    "roll_guides_seed": 272310,
    "displace_root_strength": 0.6026865872570354,
    "displace_root_falloff": 0.3884497457110113,
    "force_enable_side_trim": false,
    "side_trim_thresh": 0.1,
    "side_trim_curve_x": 0.24225471638268076,
    "side_trim_curve_y": 0.3118624132879999,
    "allow_side_trim": true,
    "coarse_guides_prob_v2_seed": 512192,
    "coarse_guides_prob_seed": 995244,
    "coarse_clump_tighness": 0.16185442149427554,
    "coarse_clump_factor": 1.0,
    "coarse_clump_twist": 13.192205490092284,
    "coarse_clump_tip_spread": 0.0015250827464806202,
    "coarse_clump_seed": 278908,
    "short_hair_clumps_prob_seed": 986938,
    "noise_coarse_clump_distance": 0.002065409614484788,
    "noise_coarse_clump_shape": 0.3034910010709172,
    "noise_coarse_clump_seed": 29000,
    "noise_coarse_clump_scale_along_curve_value": 1.3271050371176707,
    "curl_hair_radius": 0.005942254228499832,
    "curl_freq": 20.953733668274182,
    "curl_hair_factor": 0.6997880679795463,
    "curl_hair_curl_start": 0.42340306134171696,
    "curl_hair_factor_start": 0.6678233368688168,
    "curl_hair_random_offset": 0.2410391205955995,
    "curl_hair_seed": 863066,
    "curl_radius_random_spread": 0.01797796537262857,
    "curl_radius_random_spread_seed": 66169,
    "curl_frequency_random_spread": 0.18107059348674856,
    "curl_frequency_random_spread_seed": 488880,
    "curl_spin_change_prob": 0.96213859937593,
    "fine_guides_nr_seed": 95753,
    "fine_guides_seed": 892838,
    "fine_guides_noise_dist": 0.002393704622851674,
    "fine_guides_noise_scale_along_curve": 4.622211636839529,
    "fine_guides_noise_seed": 742517,
    "fine_clumps_factor": 0.8589803903115936,
    "fine_clumps_shape": 0.17070907613498876,
    "blend_hair_factor": 0.0491917039608407,
    "flyaway_nr": 17706.734210936418,
    "flyaway_seed": 281177,
    "flyaway_noise_dist": 0.09220564006811592,
    "flyaway_noise_scale_along_curve": 4.909139156676636,
    "flyaway_noise_seed": 778076,
    "trim_final_seed": 53335,
    "trim_final_percentage_val": 0.029010969580585095,
    "hair_profile_radius": 8.750491026484022e-05,
    "hair_profile_shape": 0.14008196293076453,
    "mirror_hair": true,
    "material_wave_scale": 15.918316919439048,
    "material_wave_phase_offset": 108.86541331332785,
    "material_wave_strength": 0.017233128345537783,
    "material_melanin_amount": 0.7154489371874884,
    "bsdf_melanin_redness": 0.30128600776138825,
    "bsdf_roughness": 0.5603116393833523,
    "bsdf_radial_roughness": 0.6738656838721999,
    "bsdf_coat": 0.469197487715343,
    "root_darkness_start": 0.21054209903348386,
    "root_darkness_end": 0.8690058386045354,
    "root_darkness_strength": 0.2398846522687528,
    "do_simulation": false,
    "sim_frame_end": 411,
    "gravity": 23.745174418683515,
    "pin_stiffness": 4.050731655976002,
    "tension_compresion_stiffness": 10.09049862165428,
    "root_stiffness": 0.03801719327727836,
    "body_friction": 41.064580977545816,
    "body_absorption": 0.9126687235614737,
    "wind_absorption": true,
    "wind_strength": 9.101871294006475,
    "wind_rotation": -60.212173635638436,
    "hdri_strength": 0.6367307605754042,
    "cam_rot_z": 9.792636904197906,
    "cam_rot_up_down": 5.194016814377026,
    "cam_focal_length": 127.14588969002466,
    "cam_dist_to_lookat": 168.83530412276087,
    "roughness_power": 1.27975855542377,
    "roughness_clothes": 0.5353366515687146,
    "expression_coeffs": null
}