{
    "numpy_seed": 109,
    "apply_balding_map": false,
    "strength_balding": 0.31938356136639007,
    "path_basename": "hair_02_v120_better_partition.blend",
    "interpolation_amount": 1300000,
    "parting_type": null,
    "trim_length_factor": 0.7653763361269819,
    "trim_length_factor_v2": 0.9801681454671652,
    "displace_initial_factor": 1.0,
    "displace_initial_shape": 0.5913048521787734,
    "displace_initial_displacement": -0.023273894533415235,
    "hair_volume_weight_ramp_start": 0.18993136309911066,
    "hair_volume_weight_clamp_min": 0.2581033591530685,
    "noise_guides_pre_distance": 0.007430729390283216,
    "noise_guides_pre_shape": 0.02412973685740565,
    "noise_guides_pre_seed": 564992,
    "noise_guides_pre_offset_per_curve": 0.0753373346359176,
    "noise_guides_pre_scale_along_curve_value": 0.7446185506465888,
    "noise_guides_0_distance": 0.09442649385798776,
    "noise_guides_0_shape": 0.6034714954670681,
    "noise_guides_0_seed": 535332,
    "noise_guides_0_offset_per_curve": 0.14632455184984114,
    "noise_guides_0_scale_along_curve_value": 0.14156761663668369,
    "noise_guides_1_distance": 0.22540697539682783,
    "noise_guides_1_shape": 0.38625657818885706,
    "noise_guides_1_seed": 838651,
    "noise_guides_1_scale_along_curve_value": 0.6185743875901413,
    "roll_guides_length": 0.1316332315239686,
    "roll_guides_radius": 0.1300257338221857,
    "roll_guides_seed": 809373,
    "displace_root_strength": 1.422762711697126,
    "displace_root_falloff": 0.33905929420875147,
    "force_enable_side_trim": true,
    "side_trim_thresh": 0.1,
    "side_trim_curve_x": 0.059907005962424376,
    "side_trim_curve_y": 0.18093266867159336,
    "allow_side_trim": true,
    "coarse_guides_prob_v2_seed": 131454,
    "coarse_guides_prob_seed": 249235,
    "coarse_clump_tighness": 0.22327252550655904,
    "coarse_clump_factor": 1.0,
    "coarse_clump_twist": 36.574723409937434,
    "coarse_clump_tip_spread": 0.002575146647642198,
    "coarse_clump_seed": 346055,
    "short_hair_clumps_prob_seed": 168010,
    "noise_coarse_clump_distance": 0.006633607159323017,
    "noise_coarse_clump_shape": 0.10149623160900903,
    "noise_coarse_clump_seed": 467682,
    "noise_coarse_clump_scale_along_curve_value": 1.4289224536784213,
    "curl_hair_radius": 0.018597235844725484,
    "curl_freq": 8.852736934091208,
    "curl_hair_factor": 0.07214127415284977,
    "curl_hair_curl_start": 2.7985804486449886,
    "curl_hair_factor_start": 0.5666648371962799,
    "curl_hair_random_offset": 0.050564133677146274,
    "curl_hair_seed": 413376,
    "curl_radius_random_spread": 0.24266296857820768,
    "curl_radius_random_spread_seed": 683210,
    "curl_frequency_random_spread": 0.19524032087262597,
    "curl_frequency_random_spread_seed": 386044,
    "curl_spin_change_prob": 0.015999056089404967,
    "fine_guides_nr_seed": 226183,
    "fine_guides_seed": 369666,
    "fine_guides_noise_dist": 0.004761723435772485,
    "fine_guides_noise_scale_along_curve": 5.668864754863739,
    "fine_guides_noise_seed": 752289,
    "fine_clumps_factor": 0.9738468699559834,
    "fine_clumps_shape": 0.13263857474305546,
    "blend_hair_factor": 0.0809727821714143,
    "flyaway_nr": 17691.1254509005,
    "flyaway_seed": 361463,
    "flyaway_noise_dist": 0.08297276335448173,
    "flyaway_noise_scale_along_curve": 3.600690201082806,
    "flyaway_noise_seed": 151835,
    "trim_final_seed": 886506,
    "trim_final_percentage_val": 0.1429804114277633,
    "hair_profile_radius": 7.022478401103671e-05,
    "hair_profile_shape": 0.17424683127826038,
    "mirror_hair": true,
    "material_wave_scale": 11.69380570655973,
    "material_wave_phase_offset": 281.8509266172027,
    "material_wave_strength": 0.33097526986943926,
    "material_melanin_amount": 0.056308416375225545,
    "bsdf_melanin_redness": 0.899761941039209,
    "bsdf_roughness": 0.21818780550146671,
    "bsdf_radial_roughness": 0.6061065158392361,
    "bsdf_coat": 0.47552009734409884,
    "root_darkness_start": 0.17197051225956775,
    "root_darkness_end": 0.3432033666314525,
    "root_darkness_strength": 0.0022086697406243634,
    "do_simulation": false,
    "sim_frame_end": 352,
    "gravity": 32.94340308725144,
    "pin_stiffness": 2.7642496211328,
    "tension_compresion_stiffness": 16.516016891755697,
    "root_stiffness": 0.03419595272590178,
    "body_friction": 45.62627303012803,
    "body_absorption": 0.7650805542963792,
    "wind_absorption": true,
    "wind_strength": 8.556869566720609,
    "wind_rotation": -24.17262741337136,
    "hdri_strength": 1.4050124522995013,
    "cam_rot_z": -10.96766485696294,
    "cam_rot_up_down": -5.85435773468337,
    "cam_focal_length": 80.49313758906585,
    "cam_dist_to_lookat": 105.21791489418071,
    "roughness_power": 1.2351619477149258,
    "roughness_clothes": 0.5817294146942125,
    "expression_coeffs": null
}