{
    "numpy_seed": 105,
    "apply_balding_map": false,
    "strength_balding": 0.7845167700668831,
    "path_basename": "hair_02_v120_better_partition.blend",
    "interpolation_amount": 1300000,
    "parting_type": "middle",
    "trim_length_factor": 0.9610871897446979,
    "trim_length_factor_v2": 0.8007396748506708,
    "displace_initial_factor": 1.0,
    "displace_initial_shape": 0.5959482378231966,
    "displace_initial_displacement": 0.0027112508339269844,
    "hair_volume_weight_ramp_start": 0.1978583777756568,
    "hair_volume_weight_clamp_min": 0.45776571294348833,
    "noise_guides_pre_distance": 0.003538748564012582,
    "noise_guides_pre_shape": 0.11267194412970616,
    "noise_guides_pre_seed": 920354,
    "noise_guides_pre_offset_per_curve": 0.09000268134035973,
    "noise_guides_pre_scale_along_curve_value": 0.6490976846788764,
    "noise_guides_0_distance": 0.043633843159910264,
    "noise_guides_0_shape": 0.41631314935403646,
    "noise_guides_0_seed": 299892,
    "noise_guides_0_offset_per_curve": 0.037403647139788034,
    "noise_guides_0_scale_along_curve_value": 0.29674187025061854,
    "noise_guides_1_distance": 0.18081212000956495,
    "noise_guides_1_shape": 0.5271545826645055,
    "noise_guides_1_seed": 964723,
    "noise_guides_1_scale_along_curve_value": 0.7635342361322579,
    "roll_guides_length": 0.09283502732062213,
    "roll_guides_radius": 0.11228376075495336,
    "roll_guides_seed": 94859,
    "displace_root_strength": 1.112232928401034,
    "displace_root_falloff": 0.5695798028722467,
    "force_enable_side_trim": false,
    "side_trim_thresh": 0.1,
    "side_trim_curve_x": 0.6568255681227281,
    "side_trim_curve_y": 0.2404798839403673,
    "allow_side_trim": true,
    "coarse_guides_prob_v2_seed": 414966,
    "coarse_guides_prob_seed": 126021,
    "coarse_clump_tighness": 0.17199959655392727,
    "coarse_clump_factor": 1.0,
    "coarse_clump_twist": 2.724873536573198,
    "coarse_clump_tip_spread": 0.0014781906896843358,
    "coarse_clump_seed": 488763,
    "short_hair_clumps_prob_seed": 282238,
    "noise_coarse_clump_distance": 0.002302207443606199,
    "noise_coarse_clump_shape": 0.20570997087165918,
    "noise_coarse_clump_seed": 174400,
    "noise_coarse_clump_scale_along_curve_value": 2.386493270121588,
    "curl_hair_radius": 0.020767052807934776,
    "curl_freq": 3.2417225111177315,
    "curl_hair_factor": 0.023299057487674024,
    "curl_hair_curl_start": 2.500762839507449,
    "curl_hair_factor_start": 0.68213583853616,
    "curl_hair_random_offset": 0.2026139713311486,
    "curl_hair_seed": 70111,
    "curl_radius_random_spread": 0.02961624107230809,
    "curl_radius_random_spread_seed": 792104,
    "curl_frequency_random_spread": 0.06582714854781857,
    "curl_frequency_random_spread_seed": 968818,
    "curl_spin_change_prob": 0.06717818719916152,
    "fine_guides_nr_seed": 361840,
    "fine_guides_seed": 587881,
    "fine_guides_noise_dist": 0.00219600312650414,
    "fine_guides_noise_scale_along_curve": 5.788482394435588,
    "fine_guides_noise_seed": 166748,
    "fine_clumps_factor": 0.9953715848952189,
    "fine_clumps_shape": 0.15320280614197596,
    "blend_hair_factor": 0.4469652185613591,
    "flyaway_nr": 23505.813028778735,
    "flyaway_seed": 697004,
    "flyaway_noise_dist": 0.07472290897968685,
    "flyaway_noise_scale_along_curve": 1.296642597958991,
    "flyaway_noise_seed": 804060,
    "trim_final_seed": 540503,
    "trim_final_percentage_val": 0.12634882959873042,
    "hair_profile_radius": 6.994590828710012e-05,
    "hair_profile_shape": 0.18440898903350456,
    "mirror_hair": false,
    "material_wave_scale": 16.527755158492862,
    "material_wave_phase_offset": 247.4867034162519,
    "material_wave_strength": 0.39236352503968347,
    "material_melanin_amount": 0.3110252259346291,
    "bsdf_melanin_redness": 0.7189617432334815,
    "bsdf_roughness": 0.3776423680601214,
    "bsdf_radial_roughness": 0.5456988553963238,
    "bsdf_coat": 0.6445507066414772,
    "root_darkness_start": 0.014139901170598134,
    "root_darkness_end": 0.8839725841457082,
    "root_darkness_strength": 0.21713273960272905,
    "do_simulation": true,
    "sim_frame_end": 24,
    "gravity": 23.27683623881769,
    "pin_stiffness": 0.1168334598866616,
    "tension_compresion_stiffness": 20.239587761499806,
    "root_stiffness": 0.0696294983334815,
    "body_friction": 7.79235371249764,
    "body_absorption": 0.7707019373015742,
    "wind_absorption": true,
    "wind_strength": 9.83285965417036,
    "wind_rotation": 21.52958274166535,
    "hdri_strength": 1.003878690652735,
    "cam_rot_z": -14.399226211654842,
    "cam_rot_up_down": -12.256555105932355,
    "cam_focal_length": 130.94607880532755,
    "cam_dist_to_lookat": 174.017380189083,
    "roughness_power": 1.2458038188447222,
    "roughness_clothes": 0.6365880094144477,
    "expression_coeffs": null
}